﻿<?xml version="1.0" encoding="utf-8"?>
<OneStreamXF version="6.8.1.13230">
    <dataManagementRoot>
        <dataManagementGroups>
            <dataManagementGroup name="INTL_LRP_to_E&amp;S_App2App" description="" accessGroup="Everyone" maintenanceGroup="Everyone">
                <dataManagementSteps>
                    <dataManagementStep name="Clear_INTL_LRP_Data" description="" stepType="ClearData">
                        <stepDefinition>
                            <DataMgmtClearDataDefinition>
                                <UseDetailedLogging>false</UseDetailedLogging>
                                <Cube>LRP_INTL</Cube>
                                <EntityFilter>E#International_Incl_Div.Base</EntityFilter>
                                <Scenario>|WFScenario|</Scenario>
                                <TimeFilter>T#WFYear, T#|WFTime|.Base</TimeFilter>
                                <ProcessImportedData>true</ProcessImportedData>
                                <ProcessFormsData>true</ProcessFormsData>
                                <ProcessJournalsAndAdjustments>true</ProcessJournalsAndAdjustments>
                            </DataMgmtClearDataDefinition>
                        </stepDefinition>
                    </dataManagementStep>
                    <dataManagementStep name="Consolidate" description="" stepType="Calculate">
                        <stepDefinition>
                            <DataMgmtCalculateDefinition>
                                <CalculationType>ForceConsolidate</CalculationType>
                                <ExecuteHybridSourceDataCopy>Unknown</ExecuteHybridSourceDataCopy>
                                <Cube>LRP_INTL</Cube>
                                <EntityFilter>E#International_Incl_Div.DescendantsInclusive</EntityFilter>
                                <ParentFilter />
                                <ConsFilter>C#Local, C#USD</ConsFilter>
                                <ScenarioFilter>S#|WFScenario|</ScenarioFilter>
                                <TimeFilter>T#WF, T#WFNext1, T#WFNext2, T#WFNext3, T#WFNext4</TimeFilter>
                            </DataMgmtCalculateDefinition>
                        </stepDefinition>
                    </dataManagementStep>
                    <dataManagementStep name="Consolidation_INTL_LRP_Data" description="" stepType="Calculate">
                        <stepDefinition>
                            <DataMgmtCalculateDefinition>
                                <CalculationType>ForceConsolidate</CalculationType>
                                <ExecuteHybridSourceDataCopy>Unknown</ExecuteHybridSourceDataCopy>
                                <Cube>LRP_INTL</Cube>
                                <EntityFilter>E#International_Incl_Div.DescendantsInclusive</EntityFilter>
                                <ParentFilter />
                                <ConsFilter>C#Local, C#USD</ConsFilter>
                                <ScenarioFilter>S#|WFScenario|</ScenarioFilter>
                                <TimeFilter>T#WF, T#WFNext1, T#WFNext2, T#WFNext3, T#WFNext4</TimeFilter>
                            </DataMgmtCalculateDefinition>
                        </stepDefinition>
                    </dataManagementStep>
                </dataManagementSteps>
                <dataManagementSequences>
                    <dataManagementSequence name="Clear_INTL_LRP_Data" description="">
                        <sequenceDefinition>
                            <DataMgmtSequenceDefinition>
                                <AppServer />
                                <Parameters>
                                    <Parameter SubstVarName="">
                                        <DefaultValue />
                                    </Parameter>
                                    <Parameter SubstVarName="">
                                        <DefaultValue />
                                    </Parameter>
                                    <Parameter SubstVarName="">
                                        <DefaultValue />
                                    </Parameter>
                                    <Parameter SubstVarName="">
                                        <DefaultValue />
                                    </Parameter>
                                    <Parameter SubstVarName="">
                                        <DefaultValue />
                                    </Parameter>
                                    <Parameter SubstVarName="">
                                        <DefaultValue />
                                    </Parameter>
                                    <Parameter SubstVarName="">
                                        <DefaultValue />
                                    </Parameter>
                                    <Parameter SubstVarName="">
                                        <DefaultValue />
                                    </Parameter>
                                </Parameters>
                            </DataMgmtSequenceDefinition>
                        </sequenceDefinition>
                        <stepMembers>
                            <stepMember name="Clear_INTL_LRP_Data" />
                        </stepMembers>
                    </dataManagementSequence>
                    <dataManagementSequence name="Consolidate_Future_5Years" description="">
                        <sequenceDefinition>
                            <DataMgmtSequenceDefinition>
                                <AppServer />
                                <Parameters>
                                    <Parameter SubstVarName="">
                                        <DefaultValue />
                                    </Parameter>
                                    <Parameter SubstVarName="">
                                        <DefaultValue />
                                    </Parameter>
                                    <Parameter SubstVarName="">
                                        <DefaultValue />
                                    </Parameter>
                                    <Parameter SubstVarName="">
                                        <DefaultValue />
                                    </Parameter>
                                    <Parameter SubstVarName="">
                                        <DefaultValue />
                                    </Parameter>
                                    <Parameter SubstVarName="">
                                        <DefaultValue />
                                    </Parameter>
                                    <Parameter SubstVarName="">
                                        <DefaultValue />
                                    </Parameter>
                                    <Parameter SubstVarName="">
                                        <DefaultValue />
                                    </Parameter>
                                </Parameters>
                            </DataMgmtSequenceDefinition>
                        </sequenceDefinition>
                        <stepMembers>
                            <stepMember name="Consolidate" />
                        </stepMembers>
                    </dataManagementSequence>
                    <dataManagementSequence name="Consolidate_INTL_LRP_Data" description="">
                        <sequenceDefinition>
                            <DataMgmtSequenceDefinition>
                                <AppServer />
                                <Parameters>
                                    <Parameter SubstVarName="">
                                        <DefaultValue />
                                    </Parameter>
                                    <Parameter SubstVarName="">
                                        <DefaultValue />
                                    </Parameter>
                                    <Parameter SubstVarName="">
                                        <DefaultValue />
                                    </Parameter>
                                    <Parameter SubstVarName="">
                                        <DefaultValue />
                                    </Parameter>
                                    <Parameter SubstVarName="">
                                        <DefaultValue />
                                    </Parameter>
                                    <Parameter SubstVarName="">
                                        <DefaultValue />
                                    </Parameter>
                                    <Parameter SubstVarName="">
                                        <DefaultValue />
                                    </Parameter>
                                    <Parameter SubstVarName="">
                                        <DefaultValue />
                                    </Parameter>
                                </Parameters>
                            </DataMgmtSequenceDefinition>
                        </sequenceDefinition>
                        <stepMembers>
                            <stepMember name="Consolidation_INTL_LRP_Data" />
                        </stepMembers>
                    </dataManagementSequence>
                </dataManagementSequences>
            </dataManagementGroup>
        </dataManagementGroups>
    </dataManagementRoot>
</OneStreamXF>