﻿<?xml version="1.0" encoding="utf-8"?>
<OneStreamXF version="6.8.1.13230">
    <workflowProfilesRoot>
        <workflowProfiles>
            <workflowProfile name="INTL Segment Planner" parentName="Enterprise Planner" type="BaseInput" cubeName="LRP_INTL" inputTemplateName="" accessGroup="WF_International" maintenanceGroup="SuperUser_International">
                <scenarioTypes>
                    <scenarioType name="(Default)">
                        <attributes>
                            <attribute attributeName="ProfileDescription" attributeValue="" />
                            <attribute attributeName="Workflow" attributeValue="ProcessAndCertify" />
                            <attribute attributeName="WorkflowExecutionGroup" attributeValue="Everyone" />
                            <attribute attributeName="WorkspaceDashboardWorkflow" attributeValue="(Unassigned)" />
                            <attribute attributeName="Active" attributeValue="true" />
                            <attribute attributeName="LoadOverlappedSiblings" attributeValue="true" />
                            <attribute attributeName="ICMatchingEnabled" attributeValue="false" />
                            <attribute attributeName="ICMatchingParameters" attributeValue="(Unassigned)" />
                            <attribute attributeName="CubeViewProfile" attributeValue="(Unassigned)" />
                            <attribute attributeName="ProcessCubeDashboardProfile" attributeValue="(Unassigned)" />
                            <attribute attributeName="ConfirmationProfile" attributeValue="(Unassigned)" />
                            <attribute attributeName="ConfirmationDashboardProfile" attributeValue="(Unassigned)" />
                            <attribute attributeName="CertificationProfile" attributeValue="(Quick Certify)" />
                            <attribute attributeName="CertificationSignOffGroup" attributeValue="Everyone" />
                            <attribute attributeName="CertificationDashboardProfile" attributeValue="(Unassigned)" />
                            <attribute attributeName="Text1" attributeValue="" />
                            <attribute attributeName="Text2" attributeValue="" />
                            <attribute attributeName="Text3" attributeValue="" />
                            <attribute attributeName="Text4" attributeValue="" />
                        </attributes>
                    </scenarioType>
                    <scenarioType name="Actual">
                        <attributes />
                    </scenarioType>
                    <scenarioType name="Administration">
                        <attributes />
                    </scenarioType>
                    <scenarioType name="Budget">
                        <attributes />
                    </scenarioType>
                    <scenarioType name="Control">
                        <attributes />
                    </scenarioType>
                    <scenarioType name="Flash">
                        <attributes />
                    </scenarioType>
                    <scenarioType name="Forecast">
                        <attributes />
                    </scenarioType>
                    <scenarioType name="FXModel">
                        <attributes />
                    </scenarioType>
                    <scenarioType name="History">
                        <attributes />
                    </scenarioType>
                    <scenarioType name="LongTerm">
                        <attributes />
                    </scenarioType>
                    <scenarioType name="Model">
                        <attributes />
                    </scenarioType>
                    <scenarioType name="Operational">
                        <attributes />
                    </scenarioType>
                    <scenarioType name="Plan">
                        <attributes />
                    </scenarioType>
                    <scenarioType name="Sustainability">
                        <attributes />
                    </scenarioType>
                    <scenarioType name="Target">
                        <attributes />
                    </scenarioType>
                    <scenarioType name="Tax">
                        <attributes />
                    </scenarioType>
                    <scenarioType name="Variance">
                        <attributes />
                    </scenarioType>
                    <scenarioType name="ScenarioType1">
                        <attributes />
                    </scenarioType>
                    <scenarioType name="ScenarioType2">
                        <attributes />
                    </scenarioType>
                    <scenarioType name="ScenarioType3">
                        <attributes />
                    </scenarioType>
                    <scenarioType name="ScenarioType4">
                        <attributes />
                    </scenarioType>
                    <scenarioType name="ScenarioType5">
                        <attributes />
                    </scenarioType>
                    <scenarioType name="ScenarioType6">
                        <attributes />
                    </scenarioType>
                    <scenarioType name="ScenarioType7">
                        <attributes />
                    </scenarioType>
                    <scenarioType name="ScenarioType8">
                        <attributes />
                    </scenarioType>
                </scenarioTypes>
                <profileEntities />
                <profileEntityCalcs />
            </workflowProfile>
            <workflowProfile name="INTL Segment Planner.90 Import from INTL" parentName="INTL Segment Planner" type="InputImportChild" cubeName="LRP_INTL" inputTemplateName="" accessGroup="Everyone" maintenanceGroup="Everyone">
                <scenarioTypes>
                    <scenarioType name="(Default)">
                        <attributes>
                            <attribute attributeName="ProfileDescription" attributeValue="" />
                            <attribute attributeName="WorkflowChannel" attributeValue="AllChannelInput" />
                            <attribute attributeName="Workflow" attributeValue="SimpleDataLoad" />
                            <attribute attributeName="WorkflowExecutionGroup" attributeValue="Everyone" />
                            <attribute attributeName="WorkspaceDashboardWorkflow" attributeValue="(Unassigned)" />
                            <attribute attributeName="Active" attributeValue="false" />
                            <attribute attributeName="DataSource" attributeValue="(Unassigned)" />
                            <attribute attributeName="IsOptionalLoad" attributeValue="false" />
                            <attribute attributeName="InsertType" attributeValue="Bulk" />
                            <attribute attributeName="CanLoadUnrelatedEntities" attributeValue="true" />
                            <attribute attributeName="FlowNoDataZeroViewOverride" attributeValue="(Unassigned)" />
                            <attribute attributeName="BalanceNoDataZeroViewOverride" attributeValue="(Unassigned)" />
                            <attribute attributeName="ForceBalanceAccountsToYTDView" attributeValue="false" />
                            <attribute attributeName="CachePageSize" attributeValue="20000" />
                            <attribute attributeName="CachePagesInMemoryLimit" attributeValue="200" />
                            <attribute attributeName="CachePageRuleBreakoutInterval" attributeValue="0" />
                            <attribute attributeName="UseDetailedLogging" attributeValue="false" />
                            <attribute attributeName="TransformationProfile" attributeValue="(Unassigned)" />
                            <attribute attributeName="ImportDashboardProfile" attributeValue="(Unassigned)" />
                            <attribute attributeName="ValidateDashboardProfile" attributeValue="(Unassigned)" />
                            <attribute attributeName="ICMatchingEnabled" attributeValue="false" />
                            <attribute attributeName="ICMatchingParameters" attributeValue="(Unassigned)" />
                            <attribute attributeName="CubeViewProfile" attributeValue="(Unassigned)" />
                            <attribute attributeName="ProcessCubeDashboardProfile" attributeValue="(Unassigned)" />
                            <attribute attributeName="ConfirmationProfile" attributeValue="(Unassigned)" />
                            <attribute attributeName="ConfirmationDashboardProfile" attributeValue="(Unassigned)" />
                            <attribute attributeName="CertificationProfile" attributeValue="(Quick Certify)" />
                            <attribute attributeName="CertificationSignOffGroup" attributeValue="Everyone" />
                            <attribute attributeName="CertificationDashboardProfile" attributeValue="(Unassigned)" />
                            <attribute attributeName="LimitToDefaults" attributeValue="false" />
                            <attribute attributeName="DefaultLoadMethod" attributeValue="Replace" />
                            <attribute attributeName="BiBlendParameters" attributeValue="" />
                            <attribute attributeName="DirectLoadParameters" attributeValue="" />
                            <attribute attributeName="Text1" attributeValue="" />
                            <attribute attributeName="Text2" attributeValue="" />
                            <attribute attributeName="Text3" attributeValue="" />
                            <attribute attributeName="Text4" attributeValue="" />
                        </attributes>
                    </scenarioType>
                    <scenarioType name="Actual">
                        <attributes>
                            <attribute attributeName="Active" attributeValue="true" />
                            <attribute attributeName="DataSource" attributeValue="INTL_DS_FDX_LRP_App2App_StageQuery_Periodic" />
                            <attribute attributeName="CanLoadUnrelatedEntities" attributeValue="true" />
                            <attribute attributeName="TransformationProfile" attributeValue="INTL_TR_FDX_LRP_App2App_Summary" />
                            <attribute attributeName="Text3" attributeValue="Auto_Load_LRP" />
                            <attribute attributeName="Text4" attributeValue="WFParentName=[INTLtoES_LRP_App2App_StageImport],IncludeAttributes=[0],Filter=[Unknown]" />
                        </attributes>
                    </scenarioType>
                    <scenarioType name="Administration">
                        <attributes />
                    </scenarioType>
                    <scenarioType name="Budget">
                        <attributes />
                    </scenarioType>
                    <scenarioType name="Control">
                        <attributes />
                    </scenarioType>
                    <scenarioType name="Flash">
                        <attributes />
                    </scenarioType>
                    <scenarioType name="Forecast">
                        <attributes>
                            <attribute attributeName="Active" attributeValue="true" />
                            <attribute attributeName="DataSource" attributeValue="INTL_DS_FDX_LRP_App2App_StageQuery_Periodic" />
                            <attribute attributeName="CanLoadUnrelatedEntities" attributeValue="true" />
                            <attribute attributeName="TransformationProfile" attributeValue="INTL_TR_FDX_LRP_App2App_Summary" />
                            <attribute attributeName="Text3" attributeValue="Auto_Load_LRP" />
                            <attribute attributeName="Text4" attributeValue="WFParentName=[INTLtoES_LRP_App2App_StageImport], IncludeAttributes=[0],Filter=[Unknown]" />
                        </attributes>
                    </scenarioType>
                    <scenarioType name="FXModel">
                        <attributes />
                    </scenarioType>
                    <scenarioType name="History">
                        <attributes />
                    </scenarioType>
                    <scenarioType name="LongTerm">
                        <attributes>
                            <attribute attributeName="Active" attributeValue="true" />
                            <attribute attributeName="DataSource" attributeValue="INTL_DS_FDX_LRP_App2App_StageQuery" />
                            <attribute attributeName="CanLoadUnrelatedEntities" attributeValue="true" />
                            <attribute attributeName="TransformationProfile" attributeValue="INTL_TR_FDX_LRP_App2App_Summary" />
                            <attribute attributeName="Text3" attributeValue="Auto_Load_LRP" />
                            <attribute attributeName="Text4" attributeValue="WFParentName=[INTLtoES_LRP_App2App_StageImport],IncludeAttributes=[0],Filter=[Unknown]" />
                        </attributes>
                    </scenarioType>
                    <scenarioType name="Model">
                        <attributes>
                            <attribute attributeName="Active" attributeValue="true" />
                            <attribute attributeName="DataSource" attributeValue="INTL_DS_FDX_LRP_App2App_StageQuery" />
                            <attribute attributeName="CanLoadUnrelatedEntities" attributeValue="true" />
                            <attribute attributeName="TransformationProfile" attributeValue="INTL_TR_FDX_LRP_App2App_Summary" />
                            <attribute attributeName="Text3" attributeValue="Auto_Load_LRP" />
                            <attribute attributeName="Text4" attributeValue="WFParentName=[INTLtoES_LRP_App2App_StageImport],IncludeAttributes=[0],Filter=[Unknown]" />
                        </attributes>
                    </scenarioType>
                    <scenarioType name="Operational">
                        <attributes />
                    </scenarioType>
                    <scenarioType name="Plan">
                        <attributes>
                            <attribute attributeName="Active" attributeValue="true" />
                            <attribute attributeName="DataSource" attributeValue="INTL_DS_FDX_LRP_App2App_StageQuery" />
                            <attribute attributeName="CanLoadUnrelatedEntities" attributeValue="true" />
                            <attribute attributeName="TransformationProfile" attributeValue="INTL_TR_FDX_LRP_App2App_Summary" />
                            <attribute attributeName="Text3" attributeValue="Auto_Load_LRP" />
                            <attribute attributeName="Text4" attributeValue="WFParentName=[INTLtoES_LRP_App2App_StageImport],IncludeAttributes=[0],Filter=[Unknown]" />
                        </attributes>
                    </scenarioType>
                    <scenarioType name="Sustainability">
                        <attributes />
                    </scenarioType>
                    <scenarioType name="Target">
                        <attributes />
                    </scenarioType>
                    <scenarioType name="Tax">
                        <attributes />
                    </scenarioType>
                    <scenarioType name="Variance">
                        <attributes />
                    </scenarioType>
                    <scenarioType name="ScenarioType1">
                        <attributes />
                    </scenarioType>
                    <scenarioType name="ScenarioType2">
                        <attributes>
                            <attribute attributeName="Active" attributeValue="true" />
                            <attribute attributeName="DataSource" attributeValue="INTL_DS_FDX_LRP_App2App_StageQuery" />
                            <attribute attributeName="CanLoadUnrelatedEntities" attributeValue="true" />
                            <attribute attributeName="TransformationProfile" attributeValue="INTL_TR_FDX_LRP_App2App_Summary" />
                            <attribute attributeName="Text3" attributeValue="Auto_Load_LRP" />
                            <attribute attributeName="Text4" attributeValue="WFParentName=[INTLtoES_LRP_App2App_StageImport],IncludeAttributes=[0],Filter=[Unknown]" />
                        </attributes>
                    </scenarioType>
                    <scenarioType name="ScenarioType3">
                        <attributes />
                    </scenarioType>
                    <scenarioType name="ScenarioType4">
                        <attributes />
                    </scenarioType>
                    <scenarioType name="ScenarioType5">
                        <attributes />
                    </scenarioType>
                    <scenarioType name="ScenarioType6">
                        <attributes />
                    </scenarioType>
                    <scenarioType name="ScenarioType7">
                        <attributes />
                    </scenarioType>
                    <scenarioType name="ScenarioType8">
                        <attributes />
                    </scenarioType>
                </scenarioTypes>
                <profileEntities />
                <profileEntityCalcs />
            </workflowProfile>
        </workflowProfiles>
    </workflowProfilesRoot>
</OneStreamXF>