﻿<?xml version="1.0" encoding="utf-8"?>
<OneStreamXF version="6.8.1.13230">
    <dataManagementRoot>
        <dataManagementGroups>
            <dataManagementGroup name="INTL_ES_App2App_Automation_ES" description="" accessGroup="Everyone" maintenanceGroup="Everyone">
                <dataManagementSteps>
                    <dataManagementStep name="INTL_ES_App2App_Execute" description="====Not Used====" stepType="ExecuteBusinessRule">
                        <stepDefinition>
                            <DataMgmtExecuteBRDefinition>
                                <UseDetailedLogging>false</UseDetailedLogging>
                                <BusinessRuleName>BatchAutomation</BusinessRuleName>
                                <Parameters>wfTop = INTL, T2Tag = Auto_Load, globScen =  |WFScenario|, globTime = |WFYear|</Parameters>
                            </DataMgmtExecuteBRDefinition>
                        </stepDefinition>
                    </dataManagementStep>
                </dataManagementSteps>
                <dataManagementSequences>
                    <dataManagementSequence name="INTL_ES_App2App_Execute" description="====Not Used====">
                        <sequenceDefinition>
                            <DataMgmtSequenceDefinition>
                                <AppServer />
                                <Parameters>
                                    <Parameter SubstVarName="">
                                        <DefaultValue />
                                    </Parameter>
                                    <Parameter SubstVarName="">
                                        <DefaultValue />
                                    </Parameter>
                                    <Parameter SubstVarName="">
                                        <DefaultValue />
                                    </Parameter>
                                    <Parameter SubstVarName="">
                                        <DefaultValue />
                                    </Parameter>
                                    <Parameter SubstVarName="">
                                        <DefaultValue />
                                    </Parameter>
                                    <Parameter SubstVarName="">
                                        <DefaultValue />
                                    </Parameter>
                                    <Parameter SubstVarName="">
                                        <DefaultValue />
                                    </Parameter>
                                    <Parameter SubstVarName="">
                                        <DefaultValue />
                                    </Parameter>
                                </Parameters>
                            </DataMgmtSequenceDefinition>
                        </sequenceDefinition>
                        <stepMembers>
                            <stepMember name="INTL_ES_App2App_Execute" />
                        </stepMembers>
                    </dataManagementSequence>
                </dataManagementSequences>
            </dataManagementGroup>
        </dataManagementGroups>
    </dataManagementRoot>
</OneStreamXF>