﻿<?xml version="1.0" encoding="utf-8"?>
<OneStreamXF version="6.8.1.13230">
    <dataSourcesRoot>
        <businessRules>
            <businessRule businessRuleType="Connector" name="FDX_LRP_StageQuery_INTL">
                <accessGroup>Everyone</accessGroup>
                <maintenanceGroup>Everyone</maintenanceGroup>
                <isGlobal>false</isGlobal>
                <isEncrypted>false</isEncrypted>
                <referencedAssemblies />
                <sourceCode><![CDATA[Imports System
Imports System.Data
Imports System.Data.Common
Imports System.IO
Imports System.Collections.Generic
Imports System.Globalization
Imports System.Linq
Imports Microsoft.VisualBasic
Imports System.Windows.Forms
Imports OneStream.Shared.Common
Imports OneStream.Shared.Wcf
Imports OneStream.Shared.Engine
Imports OneStream.Shared.Database
Imports OneStream.Stage.Engine
Imports OneStream.Stage.Database
Imports OneStream.Finance.Engine
Imports OneStream.Finance.Database

Namespace OneStream.BusinessRule.Connector.FDX_LRP_StageQuery_INTL
	Public Class MainClass
		Public Function Main(ByVal si As SessionInfo, ByVal globals As BRGlobals, ByVal api As Transformer, ByVal args As ConnectorArgs) As Object
			Try
				Select Case args.ActionType
					Case Is = ConnectorActionTypes.GetFieldList
						'Return Field Name List
						Dim startTimeName As String = "2021M1"
						Dim endTimeName As String = "2021M12"
						Dim includeAttributes As Boolean = True
						Dim useGenericTimeColNames As Boolean = True
						Return BRApi.Import.Data.FdxGetStageTargetColumnList(si, startTimeName, endTimeName, includeAttributes, useGenericTimeColNames)
						
					Case Is = ConnectorActionTypes.GetData
'===== This connector works for LRP Scenarios - Scenario Types =====
		
'						' Single code line re application connection, OS 6.3, replaces previous connection string
						Dim sourceAppName As String = "INTLHQ"
                         'Dim sourceAppName As String = "INTL FX"
						Dim newSeshInfo As SessionInfo = BRApi.Security.Authorization.CreateSessionInfoForAnotherApp(si, sourceAppName, openAppResult.Success)						
					'Dim newSeshInfo = GetOtherAppConnectionString(si, globals, api, args)	
						'Get Parameters Stored in Text4
						Dim nvb As New NameValueFormatBuilder(api.WorkflowProfile.GetAttributeValue(api.ScenarioTypeID, SharedConstants.WorkflowProfileAttributeIndexes.Text4))
						Dim wfParentProfileName As String = nvb.NameValuePairs.XFGetValue("WFParentName",  String.Empty)
						Dim wfYear As String = api.CurrentDataClusterKey.WFTrackingTimeName.ToString 			
						Dim wfscenarioName As String = api.CurrentDataClusterKey.ScenarioName.ToString										

						Dim startTimeName As String = String.Empty 	
						Dim endTimeName As String = String.Empty 	

						Dim includeAttributes As Boolean = ConvertHelper.ToBoolean(nvb.NameValuePairs.XFGetValue("IncludeAttributes", "0"))
						Dim useGenericTimeColNames As Boolean = True
						Dim filter As String = nvb.NameValuePairs.XFGetValue("Filter", String.Empty)
						Dim parallelQueryCount As Integer = 8
						Dim logStatistics As Boolean = False								
						
						
						
'						'Get Workflow Scenario ID				
						Dim wfScenarioId As String = ScenarioDimHelper.GetIdFromName(si, wfScenarioName).ToString
						
						Dim objScenarioType As ScenarioType = BRApi.Finance.Scenario.GetScenarioType(si, wfscenarioId)								
								
''						****Start And End Time varies By ScenarioType****
        
						If objScenarioType.Name.Equals("LongTerm") Or objScenarioType.Name.Equals("ScenarioType2") _ 
							Or objScenarioType.Name.Equals("Model") Then
									startTimeName = api.CurrentDataClusterKey.TimeName.ToString 						
									endTimeName = api.CurrentDataClusterKey.TimeName.ToString 
								Else If objScenarioType.Name.Equals("Actual") Then
										startTimeName = wfYear & "M1" 
										endTimeName = wfYear & "M12"
						
'								objScenarioType Forecast Naming Correction
						Else If objScenarioType.Name.Equals("Forecast") Then
									startTimeName = wfYear & "M1" 
									endTimeName = wfYear & "M12"
	                            
									Dim wfscenarionameFC As String = wfscenarioName.Replace("Forecast", "Forecast_LRP")									

									wfscenarioname = wfscenarionameFC 

						End If					

						'Process Data
						Dim dt As DataTable = BRApi.Import.Data.FdxExecuteStageTargetTimePivot(newSeshInfo, wfParentProfileName, wfscenarioName, startTimeName, endTimeName, includeAttributes, useGenericTimeColNames, filter, parallelQueryCount, logStatistics)													
						If Not dt Is Nothing Then
							api.Parser.ProcessDataTable(si, dt, True, api.ProcessInfo)
						Else
							BRApi.ErrorLog.LogMessage(si, "FDX Stage Params", nvb.GetFormatString())
						End If
						
						Return Nothing

					Case Is = ConnectorActionTypes.GetDrillBackTypes
						'Not Implemented
						Return Nothing
						
					Case Is = ConnectorActionTypes.GetDrillBack
						'Not Implemented
						Return Nothing
						
				End Select
				Return Nothing	
			Catch ex As Exception
				Throw ErrorHandler.LogWrite(si, New XFException(si, ex))
			End Try
		End Function	
	End Class
End Namespace


]]></sourceCode>
            </businessRule>
        </businessRules>
    </dataSourcesRoot>
</OneStreamXF>