﻿<?xml version="1.0" encoding="utf-8"?>
<OneStreamXF version="6.8.1.13230">
    <dataSourcesRoot>
        <dataSources>
            <dataSource name="INTL_DS_LRP_App2App_ImportToStage" description="LRP_ImportToStage_DS" cubeName="INTL_LRP" scenarioTypeName="(All)" dataSourceType="DataMgmtExportSequence" dataStructureType="Tabular" delimiter="," quoteCharacter="&quot;" connectorName="LRP_App2App_ImportToStage_DM" connectorUsesFile="false" allowDynamicExcelLoads="true" accessGroup="Everyone" maintenanceGroup="Everyone">
                <dimensions>
                    <dimension position="20" stageDimName="Sn" dataType="DataKeyText">
                        <attributes>
                            <attribute attributeName="DelimitedPosition" attributeValue="0" />
                            <attribute attributeName="StartPosition" attributeValue="0" />
                            <attribute attributeName="Length" attributeValue="0" />
                            <attribute attributeName="LogicalOperator" attributeValue="None" />
                            <attribute attributeName="LogicalExpression" attributeValue="(Unassigned)" />
                            <attribute attributeName="NumericThousandsSeparator" attributeValue="," />
                            <attribute attributeName="NumericDecimalSeparator" attributeValue="." />
                            <attribute attributeName="NumericCurrencyIndicator" attributeValue="$" />
                            <attribute attributeName="NumericSignPositiveIndicator" attributeValue="" />
                            <attribute attributeName="NumericSignNegativeIndicator" attributeValue="" />
                            <attribute attributeName="NumericSignDebitCreditPosition" attributeValue="0" />
                            <attribute attributeName="NumericFactor" attributeValue="0" />
                            <attribute attributeName="NumericPrecision" attributeValue="NotRounded" />
                            <attribute attributeName="NumericZeroSuppress" attributeValue="true" />
                            <attribute attributeName="NumericMarker" attributeValue="" />
                            <attribute attributeName="TextStaticValue" attributeValue="" />
                            <attribute attributeName="TextLeadFill" attributeValue="" />
                            <attribute attributeName="TextTrailFill" attributeValue="" />
                            <attribute attributeName="StoredTextBypass" attributeValue="" />
                            <attribute attributeName="StoredTextSingleLineNo" attributeValue="0" />
                            <attribute attributeName="SubstituteOldString" attributeValue="" />
                            <attribute attributeName="SubstituteNewString" attributeValue="" />
                            <attribute attributeName="BypassType" attributeValue="ContainsWithinLine" />
                            <attribute attributeName="BypassValue" attributeValue="" />
                            <attribute attributeName="MatrixHeaderLineNo" attributeValue="0" />
                            <attribute attributeName="ConnectorSourceFieldName" attributeValue="Scenario" />
                        </attributes>
                    </dimension>
                    <dimension position="30" stageDimName="Tm" dataType="DataKeyText">
                        <attributes>
                            <attribute attributeName="DelimitedPosition" attributeValue="0" />
                            <attribute attributeName="StartPosition" attributeValue="0" />
                            <attribute attributeName="Length" attributeValue="0" />
                            <attribute attributeName="LogicalOperator" attributeValue="None" />
                            <attribute attributeName="LogicalExpression" attributeValue="(Unassigned)" />
                            <attribute attributeName="NumericThousandsSeparator" attributeValue="," />
                            <attribute attributeName="NumericDecimalSeparator" attributeValue="." />
                            <attribute attributeName="NumericCurrencyIndicator" attributeValue="$" />
                            <attribute attributeName="NumericSignPositiveIndicator" attributeValue="" />
                            <attribute attributeName="NumericSignNegativeIndicator" attributeValue="" />
                            <attribute attributeName="NumericSignDebitCreditPosition" attributeValue="0" />
                            <attribute attributeName="NumericFactor" attributeValue="0" />
                            <attribute attributeName="NumericPrecision" attributeValue="NotRounded" />
                            <attribute attributeName="NumericZeroSuppress" attributeValue="true" />
                            <attribute attributeName="NumericMarker" attributeValue="" />
                            <attribute attributeName="TextStaticValue" attributeValue="" />
                            <attribute attributeName="TextLeadFill" attributeValue="" />
                            <attribute attributeName="TextTrailFill" attributeValue="" />
                            <attribute attributeName="StoredTextBypass" attributeValue="" />
                            <attribute attributeName="StoredTextSingleLineNo" attributeValue="0" />
                            <attribute attributeName="SubstituteOldString" attributeValue="" />
                            <attribute attributeName="SubstituteNewString" attributeValue="" />
                            <attribute attributeName="BypassType" attributeValue="ContainsWithinLine" />
                            <attribute attributeName="BypassValue" attributeValue="" />
                            <attribute attributeName="MatrixHeaderLineNo" attributeValue="0" />
                            <attribute attributeName="ConnectorSourceFieldName" attributeValue="Time" />
                        </attributes>
                    </dimension>
                    <dimension position="2010" stageDimName="Et" dataType="Text">
                        <attributes>
                            <attribute attributeName="DelimitedPosition" attributeValue="0" />
                            <attribute attributeName="StartPosition" attributeValue="0" />
                            <attribute attributeName="Length" attributeValue="0" />
                            <attribute attributeName="LogicalOperator" attributeValue="None" />
                            <attribute attributeName="LogicalExpression" attributeValue="(Unassigned)" />
                            <attribute attributeName="NumericThousandsSeparator" attributeValue="," />
                            <attribute attributeName="NumericDecimalSeparator" attributeValue="." />
                            <attribute attributeName="NumericCurrencyIndicator" attributeValue="$" />
                            <attribute attributeName="NumericSignPositiveIndicator" attributeValue="" />
                            <attribute attributeName="NumericSignNegativeIndicator" attributeValue="" />
                            <attribute attributeName="NumericSignDebitCreditPosition" attributeValue="0" />
                            <attribute attributeName="NumericFactor" attributeValue="0" />
                            <attribute attributeName="NumericPrecision" attributeValue="NotRounded" />
                            <attribute attributeName="NumericZeroSuppress" attributeValue="true" />
                            <attribute attributeName="NumericMarker" attributeValue="" />
                            <attribute attributeName="TextStaticValue" attributeValue="" />
                            <attribute attributeName="TextLeadFill" attributeValue="" />
                            <attribute attributeName="TextTrailFill" attributeValue="" />
                            <attribute attributeName="StoredTextBypass" attributeValue="" />
                            <attribute attributeName="StoredTextSingleLineNo" attributeValue="0" />
                            <attribute attributeName="SubstituteOldString" attributeValue="" />
                            <attribute attributeName="SubstituteNewString" attributeValue="" />
                            <attribute attributeName="BypassType" attributeValue="ContainsWithinLine" />
                            <attribute attributeName="BypassValue" attributeValue="" />
                            <attribute attributeName="MatrixHeaderLineNo" attributeValue="0" />
                            <attribute attributeName="ConnectorSourceFieldName" attributeValue="Entity" />
                        </attributes>
                    </dimension>
                    <dimension position="2020" stageDimName="Cn" dataType="Text">
                        <attributes>
                            <attribute attributeName="DelimitedPosition" attributeValue="0" />
                            <attribute attributeName="StartPosition" attributeValue="0" />
                            <attribute attributeName="Length" attributeValue="0" />
                            <attribute attributeName="LogicalOperator" attributeValue="None" />
                            <attribute attributeName="LogicalExpression" attributeValue="(Unassigned)" />
                            <attribute attributeName="NumericThousandsSeparator" attributeValue="," />
                            <attribute attributeName="NumericDecimalSeparator" attributeValue="." />
                            <attribute attributeName="NumericCurrencyIndicator" attributeValue="$" />
                            <attribute attributeName="NumericSignPositiveIndicator" attributeValue="" />
                            <attribute attributeName="NumericSignNegativeIndicator" attributeValue="" />
                            <attribute attributeName="NumericSignDebitCreditPosition" attributeValue="0" />
                            <attribute attributeName="NumericFactor" attributeValue="0" />
                            <attribute attributeName="NumericPrecision" attributeValue="NotRounded" />
                            <attribute attributeName="NumericZeroSuppress" attributeValue="true" />
                            <attribute attributeName="NumericMarker" attributeValue="" />
                            <attribute attributeName="TextStaticValue" attributeValue="Local" />
                            <attribute attributeName="TextLeadFill" attributeValue="" />
                            <attribute attributeName="TextTrailFill" attributeValue="" />
                            <attribute attributeName="StoredTextBypass" attributeValue="" />
                            <attribute attributeName="StoredTextSingleLineNo" attributeValue="0" />
                            <attribute attributeName="SubstituteOldString" attributeValue="" />
                            <attribute attributeName="SubstituteNewString" attributeValue="" />
                            <attribute attributeName="BypassType" attributeValue="ContainsWithinLine" />
                            <attribute attributeName="BypassValue" attributeValue="" />
                            <attribute attributeName="MatrixHeaderLineNo" attributeValue="0" />
                            <attribute attributeName="ConnectorSourceFieldName" attributeValue="(Unassigned)" />
                        </attributes>
                    </dimension>
                    <dimension position="2030" stageDimName="Vw" dataType="Text">
                        <attributes>
                            <attribute attributeName="DelimitedPosition" attributeValue="0" />
                            <attribute attributeName="StartPosition" attributeValue="0" />
                            <attribute attributeName="Length" attributeValue="0" />
                            <attribute attributeName="LogicalOperator" attributeValue="None" />
                            <attribute attributeName="LogicalExpression" attributeValue="(Unassigned)" />
                            <attribute attributeName="NumericThousandsSeparator" attributeValue="," />
                            <attribute attributeName="NumericDecimalSeparator" attributeValue="." />
                            <attribute attributeName="NumericCurrencyIndicator" attributeValue="$" />
                            <attribute attributeName="NumericSignPositiveIndicator" attributeValue="" />
                            <attribute attributeName="NumericSignNegativeIndicator" attributeValue="" />
                            <attribute attributeName="NumericSignDebitCreditPosition" attributeValue="0" />
                            <attribute attributeName="NumericFactor" attributeValue="0" />
                            <attribute attributeName="NumericPrecision" attributeValue="NotRounded" />
                            <attribute attributeName="NumericZeroSuppress" attributeValue="true" />
                            <attribute attributeName="NumericMarker" attributeValue="" />
                            <attribute attributeName="TextStaticValue" attributeValue="" />
                            <attribute attributeName="TextLeadFill" attributeValue="" />
                            <attribute attributeName="TextTrailFill" attributeValue="" />
                            <attribute attributeName="StoredTextBypass" attributeValue="" />
                            <attribute attributeName="StoredTextSingleLineNo" attributeValue="0" />
                            <attribute attributeName="SubstituteOldString" attributeValue="" />
                            <attribute attributeName="SubstituteNewString" attributeValue="" />
                            <attribute attributeName="BypassType" attributeValue="ContainsWithinLine" />
                            <attribute attributeName="BypassValue" attributeValue="" />
                            <attribute attributeName="MatrixHeaderLineNo" attributeValue="0" />
                            <attribute attributeName="ConnectorSourceFieldName" attributeValue="View" />
                        </attributes>
                    </dimension>
                    <dimension position="2040" stageDimName="Ac" dataType="Text">
                        <attributes>
                            <attribute attributeName="DelimitedPosition" attributeValue="0" />
                            <attribute attributeName="StartPosition" attributeValue="0" />
                            <attribute attributeName="Length" attributeValue="0" />
                            <attribute attributeName="LogicalOperator" attributeValue="None" />
                            <attribute attributeName="LogicalExpression" attributeValue="(Unassigned)" />
                            <attribute attributeName="NumericThousandsSeparator" attributeValue="," />
                            <attribute attributeName="NumericDecimalSeparator" attributeValue="." />
                            <attribute attributeName="NumericCurrencyIndicator" attributeValue="$" />
                            <attribute attributeName="NumericSignPositiveIndicator" attributeValue="" />
                            <attribute attributeName="NumericSignNegativeIndicator" attributeValue="" />
                            <attribute attributeName="NumericSignDebitCreditPosition" attributeValue="0" />
                            <attribute attributeName="NumericFactor" attributeValue="0" />
                            <attribute attributeName="NumericPrecision" attributeValue="NotRounded" />
                            <attribute attributeName="NumericZeroSuppress" attributeValue="true" />
                            <attribute attributeName="NumericMarker" attributeValue="" />
                            <attribute attributeName="TextStaticValue" attributeValue="" />
                            <attribute attributeName="TextLeadFill" attributeValue="" />
                            <attribute attributeName="TextTrailFill" attributeValue="" />
                            <attribute attributeName="StoredTextBypass" attributeValue="" />
                            <attribute attributeName="StoredTextSingleLineNo" attributeValue="0" />
                            <attribute attributeName="SubstituteOldString" attributeValue="" />
                            <attribute attributeName="SubstituteNewString" attributeValue="" />
                            <attribute attributeName="BypassType" attributeValue="ContainsWithinLine" />
                            <attribute attributeName="BypassValue" attributeValue="" />
                            <attribute attributeName="MatrixHeaderLineNo" attributeValue="0" />
                            <attribute attributeName="ConnectorSourceFieldName" attributeValue="Account" />
                        </attributes>
                    </dimension>
                    <dimension position="2050" stageDimName="Fw" dataType="Text">
                        <attributes>
                            <attribute attributeName="DelimitedPosition" attributeValue="0" />
                            <attribute attributeName="StartPosition" attributeValue="0" />
                            <attribute attributeName="Length" attributeValue="0" />
                            <attribute attributeName="LogicalOperator" attributeValue="None" />
                            <attribute attributeName="LogicalExpression" attributeValue="(Unassigned)" />
                            <attribute attributeName="NumericThousandsSeparator" attributeValue="," />
                            <attribute attributeName="NumericDecimalSeparator" attributeValue="." />
                            <attribute attributeName="NumericCurrencyIndicator" attributeValue="$" />
                            <attribute attributeName="NumericSignPositiveIndicator" attributeValue="" />
                            <attribute attributeName="NumericSignNegativeIndicator" attributeValue="" />
                            <attribute attributeName="NumericSignDebitCreditPosition" attributeValue="0" />
                            <attribute attributeName="NumericFactor" attributeValue="0" />
                            <attribute attributeName="NumericPrecision" attributeValue="NotRounded" />
                            <attribute attributeName="NumericZeroSuppress" attributeValue="true" />
                            <attribute attributeName="NumericMarker" attributeValue="" />
                            <attribute attributeName="TextStaticValue" attributeValue="" />
                            <attribute attributeName="TextLeadFill" attributeValue="" />
                            <attribute attributeName="TextTrailFill" attributeValue="" />
                            <attribute attributeName="StoredTextBypass" attributeValue="" />
                            <attribute attributeName="StoredTextSingleLineNo" attributeValue="0" />
                            <attribute attributeName="SubstituteOldString" attributeValue="" />
                            <attribute attributeName="SubstituteNewString" attributeValue="" />
                            <attribute attributeName="BypassType" attributeValue="ContainsWithinLine" />
                            <attribute attributeName="BypassValue" attributeValue="" />
                            <attribute attributeName="MatrixHeaderLineNo" attributeValue="0" />
                            <attribute attributeName="ConnectorSourceFieldName" attributeValue="Flow" />
                        </attributes>
                    </dimension>
                    <dimension position="2060" stageDimName="Og" dataType="Text">
                        <attributes>
                            <attribute attributeName="DelimitedPosition" attributeValue="0" />
                            <attribute attributeName="StartPosition" attributeValue="0" />
                            <attribute attributeName="Length" attributeValue="0" />
                            <attribute attributeName="LogicalOperator" attributeValue="None" />
                            <attribute attributeName="LogicalExpression" attributeValue="(Unassigned)" />
                            <attribute attributeName="NumericThousandsSeparator" attributeValue="," />
                            <attribute attributeName="NumericDecimalSeparator" attributeValue="." />
                            <attribute attributeName="NumericCurrencyIndicator" attributeValue="$" />
                            <attribute attributeName="NumericSignPositiveIndicator" attributeValue="" />
                            <attribute attributeName="NumericSignNegativeIndicator" attributeValue="" />
                            <attribute attributeName="NumericSignDebitCreditPosition" attributeValue="0" />
                            <attribute attributeName="NumericFactor" attributeValue="0" />
                            <attribute attributeName="NumericPrecision" attributeValue="NotRounded" />
                            <attribute attributeName="NumericZeroSuppress" attributeValue="true" />
                            <attribute attributeName="NumericMarker" attributeValue="" />
                            <attribute attributeName="TextStaticValue" attributeValue="Import" />
                            <attribute attributeName="TextLeadFill" attributeValue="" />
                            <attribute attributeName="TextTrailFill" attributeValue="" />
                            <attribute attributeName="StoredTextBypass" attributeValue="" />
                            <attribute attributeName="StoredTextSingleLineNo" attributeValue="0" />
                            <attribute attributeName="SubstituteOldString" attributeValue="" />
                            <attribute attributeName="SubstituteNewString" attributeValue="" />
                            <attribute attributeName="BypassType" attributeValue="ContainsWithinLine" />
                            <attribute attributeName="BypassValue" attributeValue="" />
                            <attribute attributeName="MatrixHeaderLineNo" attributeValue="0" />
                            <attribute attributeName="ConnectorSourceFieldName" attributeValue="(Unassigned)" />
                        </attributes>
                    </dimension>
                    <dimension position="2070" stageDimName="Ic" dataType="Text">
                        <attributes>
                            <attribute attributeName="DelimitedPosition" attributeValue="0" />
                            <attribute attributeName="StartPosition" attributeValue="0" />
                            <attribute attributeName="Length" attributeValue="0" />
                            <attribute attributeName="LogicalOperator" attributeValue="None" />
                            <attribute attributeName="LogicalExpression" attributeValue="(Unassigned)" />
                            <attribute attributeName="NumericThousandsSeparator" attributeValue="," />
                            <attribute attributeName="NumericDecimalSeparator" attributeValue="." />
                            <attribute attributeName="NumericCurrencyIndicator" attributeValue="$" />
                            <attribute attributeName="NumericSignPositiveIndicator" attributeValue="" />
                            <attribute attributeName="NumericSignNegativeIndicator" attributeValue="" />
                            <attribute attributeName="NumericSignDebitCreditPosition" attributeValue="0" />
                            <attribute attributeName="NumericFactor" attributeValue="0" />
                            <attribute attributeName="NumericPrecision" attributeValue="NotRounded" />
                            <attribute attributeName="NumericZeroSuppress" attributeValue="true" />
                            <attribute attributeName="NumericMarker" attributeValue="" />
                            <attribute attributeName="TextStaticValue" attributeValue="" />
                            <attribute attributeName="TextLeadFill" attributeValue="" />
                            <attribute attributeName="TextTrailFill" attributeValue="" />
                            <attribute attributeName="StoredTextBypass" attributeValue="" />
                            <attribute attributeName="StoredTextSingleLineNo" attributeValue="0" />
                            <attribute attributeName="SubstituteOldString" attributeValue="" />
                            <attribute attributeName="SubstituteNewString" attributeValue="" />
                            <attribute attributeName="BypassType" attributeValue="ContainsWithinLine" />
                            <attribute attributeName="BypassValue" attributeValue="" />
                            <attribute attributeName="MatrixHeaderLineNo" attributeValue="0" />
                            <attribute attributeName="ConnectorSourceFieldName" attributeValue="IC" />
                        </attributes>
                    </dimension>
                    <dimension position="2080" stageDimName="U1" dataType="Text">
                        <attributes>
                            <attribute attributeName="DelimitedPosition" attributeValue="0" />
                            <attribute attributeName="StartPosition" attributeValue="0" />
                            <attribute attributeName="Length" attributeValue="0" />
                            <attribute attributeName="LogicalOperator" attributeValue="None" />
                            <attribute attributeName="LogicalExpression" attributeValue="(Unassigned)" />
                            <attribute attributeName="NumericThousandsSeparator" attributeValue="," />
                            <attribute attributeName="NumericDecimalSeparator" attributeValue="." />
                            <attribute attributeName="NumericCurrencyIndicator" attributeValue="$" />
                            <attribute attributeName="NumericSignPositiveIndicator" attributeValue="" />
                            <attribute attributeName="NumericSignNegativeIndicator" attributeValue="" />
                            <attribute attributeName="NumericSignDebitCreditPosition" attributeValue="0" />
                            <attribute attributeName="NumericFactor" attributeValue="0" />
                            <attribute attributeName="NumericPrecision" attributeValue="NotRounded" />
                            <attribute attributeName="NumericZeroSuppress" attributeValue="true" />
                            <attribute attributeName="NumericMarker" attributeValue="" />
                            <attribute attributeName="TextStaticValue" attributeValue="" />
                            <attribute attributeName="TextLeadFill" attributeValue="" />
                            <attribute attributeName="TextTrailFill" attributeValue="" />
                            <attribute attributeName="StoredTextBypass" attributeValue="" />
                            <attribute attributeName="StoredTextSingleLineNo" attributeValue="0" />
                            <attribute attributeName="SubstituteOldString" attributeValue="" />
                            <attribute attributeName="SubstituteNewString" attributeValue="" />
                            <attribute attributeName="BypassType" attributeValue="ContainsWithinLine" />
                            <attribute attributeName="BypassValue" attributeValue="" />
                            <attribute attributeName="MatrixHeaderLineNo" attributeValue="0" />
                            <attribute attributeName="ConnectorSourceFieldName" attributeValue="UserDefined1" />
                        </attributes>
                    </dimension>
                    <dimension position="2090" stageDimName="U2" dataType="Text">
                        <attributes>
                            <attribute attributeName="DelimitedPosition" attributeValue="0" />
                            <attribute attributeName="StartPosition" attributeValue="0" />
                            <attribute attributeName="Length" attributeValue="0" />
                            <attribute attributeName="LogicalOperator" attributeValue="None" />
                            <attribute attributeName="LogicalExpression" attributeValue="(Unassigned)" />
                            <attribute attributeName="NumericThousandsSeparator" attributeValue="," />
                            <attribute attributeName="NumericDecimalSeparator" attributeValue="." />
                            <attribute attributeName="NumericCurrencyIndicator" attributeValue="$" />
                            <attribute attributeName="NumericSignPositiveIndicator" attributeValue="" />
                            <attribute attributeName="NumericSignNegativeIndicator" attributeValue="" />
                            <attribute attributeName="NumericSignDebitCreditPosition" attributeValue="0" />
                            <attribute attributeName="NumericFactor" attributeValue="0" />
                            <attribute attributeName="NumericPrecision" attributeValue="NotRounded" />
                            <attribute attributeName="NumericZeroSuppress" attributeValue="true" />
                            <attribute attributeName="NumericMarker" attributeValue="" />
                            <attribute attributeName="TextStaticValue" attributeValue="" />
                            <attribute attributeName="TextLeadFill" attributeValue="" />
                            <attribute attributeName="TextTrailFill" attributeValue="" />
                            <attribute attributeName="StoredTextBypass" attributeValue="" />
                            <attribute attributeName="StoredTextSingleLineNo" attributeValue="0" />
                            <attribute attributeName="SubstituteOldString" attributeValue="" />
                            <attribute attributeName="SubstituteNewString" attributeValue="" />
                            <attribute attributeName="BypassType" attributeValue="ContainsWithinLine" />
                            <attribute attributeName="BypassValue" attributeValue="" />
                            <attribute attributeName="MatrixHeaderLineNo" attributeValue="0" />
                            <attribute attributeName="ConnectorSourceFieldName" attributeValue="UserDefined2" />
                        </attributes>
                    </dimension>
                    <dimension position="2100" stageDimName="U3" dataType="Text">
                        <attributes>
                            <attribute attributeName="DelimitedPosition" attributeValue="0" />
                            <attribute attributeName="StartPosition" attributeValue="0" />
                            <attribute attributeName="Length" attributeValue="0" />
                            <attribute attributeName="LogicalOperator" attributeValue="None" />
                            <attribute attributeName="LogicalExpression" attributeValue="(Unassigned)" />
                            <attribute attributeName="NumericThousandsSeparator" attributeValue="," />
                            <attribute attributeName="NumericDecimalSeparator" attributeValue="." />
                            <attribute attributeName="NumericCurrencyIndicator" attributeValue="$" />
                            <attribute attributeName="NumericSignPositiveIndicator" attributeValue="" />
                            <attribute attributeName="NumericSignNegativeIndicator" attributeValue="" />
                            <attribute attributeName="NumericSignDebitCreditPosition" attributeValue="0" />
                            <attribute attributeName="NumericFactor" attributeValue="0" />
                            <attribute attributeName="NumericPrecision" attributeValue="NotRounded" />
                            <attribute attributeName="NumericZeroSuppress" attributeValue="true" />
                            <attribute attributeName="NumericMarker" attributeValue="" />
                            <attribute attributeName="TextStaticValue" attributeValue="" />
                            <attribute attributeName="TextLeadFill" attributeValue="" />
                            <attribute attributeName="TextTrailFill" attributeValue="" />
                            <attribute attributeName="StoredTextBypass" attributeValue="" />
                            <attribute attributeName="StoredTextSingleLineNo" attributeValue="0" />
                            <attribute attributeName="SubstituteOldString" attributeValue="" />
                            <attribute attributeName="SubstituteNewString" attributeValue="" />
                            <attribute attributeName="BypassType" attributeValue="ContainsWithinLine" />
                            <attribute attributeName="BypassValue" attributeValue="" />
                            <attribute attributeName="MatrixHeaderLineNo" attributeValue="0" />
                            <attribute attributeName="ConnectorSourceFieldName" attributeValue="UserDefined3" />
                        </attributes>
                    </dimension>
                    <dimension position="2110" stageDimName="U4" dataType="Text">
                        <attributes>
                            <attribute attributeName="DelimitedPosition" attributeValue="0" />
                            <attribute attributeName="StartPosition" attributeValue="0" />
                            <attribute attributeName="Length" attributeValue="0" />
                            <attribute attributeName="LogicalOperator" attributeValue="None" />
                            <attribute attributeName="LogicalExpression" attributeValue="(Unassigned)" />
                            <attribute attributeName="NumericThousandsSeparator" attributeValue="," />
                            <attribute attributeName="NumericDecimalSeparator" attributeValue="." />
                            <attribute attributeName="NumericCurrencyIndicator" attributeValue="$" />
                            <attribute attributeName="NumericSignPositiveIndicator" attributeValue="" />
                            <attribute attributeName="NumericSignNegativeIndicator" attributeValue="" />
                            <attribute attributeName="NumericSignDebitCreditPosition" attributeValue="0" />
                            <attribute attributeName="NumericFactor" attributeValue="0" />
                            <attribute attributeName="NumericPrecision" attributeValue="NotRounded" />
                            <attribute attributeName="NumericZeroSuppress" attributeValue="true" />
                            <attribute attributeName="NumericMarker" attributeValue="" />
                            <attribute attributeName="TextStaticValue" attributeValue="" />
                            <attribute attributeName="TextLeadFill" attributeValue="" />
                            <attribute attributeName="TextTrailFill" attributeValue="" />
                            <attribute attributeName="StoredTextBypass" attributeValue="" />
                            <attribute attributeName="StoredTextSingleLineNo" attributeValue="0" />
                            <attribute attributeName="SubstituteOldString" attributeValue="" />
                            <attribute attributeName="SubstituteNewString" attributeValue="" />
                            <attribute attributeName="BypassType" attributeValue="ContainsWithinLine" />
                            <attribute attributeName="BypassValue" attributeValue="" />
                            <attribute attributeName="MatrixHeaderLineNo" attributeValue="0" />
                            <attribute attributeName="ConnectorSourceFieldName" attributeValue="UserDefined4" />
                        </attributes>
                    </dimension>
                    <dimension position="2120" stageDimName="U5" dataType="Text">
                        <attributes>
                            <attribute attributeName="DelimitedPosition" attributeValue="0" />
                            <attribute attributeName="StartPosition" attributeValue="0" />
                            <attribute attributeName="Length" attributeValue="0" />
                            <attribute attributeName="LogicalOperator" attributeValue="None" />
                            <attribute attributeName="LogicalExpression" attributeValue="(Unassigned)" />
                            <attribute attributeName="NumericThousandsSeparator" attributeValue="," />
                            <attribute attributeName="NumericDecimalSeparator" attributeValue="." />
                            <attribute attributeName="NumericCurrencyIndicator" attributeValue="$" />
                            <attribute attributeName="NumericSignPositiveIndicator" attributeValue="" />
                            <attribute attributeName="NumericSignNegativeIndicator" attributeValue="" />
                            <attribute attributeName="NumericSignDebitCreditPosition" attributeValue="0" />
                            <attribute attributeName="NumericFactor" attributeValue="0" />
                            <attribute attributeName="NumericPrecision" attributeValue="NotRounded" />
                            <attribute attributeName="NumericZeroSuppress" attributeValue="true" />
                            <attribute attributeName="NumericMarker" attributeValue="" />
                            <attribute attributeName="TextStaticValue" attributeValue="" />
                            <attribute attributeName="TextLeadFill" attributeValue="" />
                            <attribute attributeName="TextTrailFill" attributeValue="" />
                            <attribute attributeName="StoredTextBypass" attributeValue="" />
                            <attribute attributeName="StoredTextSingleLineNo" attributeValue="0" />
                            <attribute attributeName="SubstituteOldString" attributeValue="" />
                            <attribute attributeName="SubstituteNewString" attributeValue="" />
                            <attribute attributeName="BypassType" attributeValue="ContainsWithinLine" />
                            <attribute attributeName="BypassValue" attributeValue="" />
                            <attribute attributeName="MatrixHeaderLineNo" attributeValue="0" />
                            <attribute attributeName="ConnectorSourceFieldName" attributeValue="UserDefined5" />
                        </attributes>
                    </dimension>
                    <dimension position="2130" stageDimName="U6" dataType="Text">
                        <attributes>
                            <attribute attributeName="DelimitedPosition" attributeValue="0" />
                            <attribute attributeName="StartPosition" attributeValue="0" />
                            <attribute attributeName="Length" attributeValue="0" />
                            <attribute attributeName="LogicalOperator" attributeValue="None" />
                            <attribute attributeName="LogicalExpression" attributeValue="(Unassigned)" />
                            <attribute attributeName="NumericThousandsSeparator" attributeValue="," />
                            <attribute attributeName="NumericDecimalSeparator" attributeValue="." />
                            <attribute attributeName="NumericCurrencyIndicator" attributeValue="$" />
                            <attribute attributeName="NumericSignPositiveIndicator" attributeValue="" />
                            <attribute attributeName="NumericSignNegativeIndicator" attributeValue="" />
                            <attribute attributeName="NumericSignDebitCreditPosition" attributeValue="0" />
                            <attribute attributeName="NumericFactor" attributeValue="0" />
                            <attribute attributeName="NumericPrecision" attributeValue="NotRounded" />
                            <attribute attributeName="NumericZeroSuppress" attributeValue="true" />
                            <attribute attributeName="NumericMarker" attributeValue="" />
                            <attribute attributeName="TextStaticValue" attributeValue="" />
                            <attribute attributeName="TextLeadFill" attributeValue="" />
                            <attribute attributeName="TextTrailFill" attributeValue="" />
                            <attribute attributeName="StoredTextBypass" attributeValue="" />
                            <attribute attributeName="StoredTextSingleLineNo" attributeValue="0" />
                            <attribute attributeName="SubstituteOldString" attributeValue="" />
                            <attribute attributeName="SubstituteNewString" attributeValue="" />
                            <attribute attributeName="BypassType" attributeValue="ContainsWithinLine" />
                            <attribute attributeName="BypassValue" attributeValue="" />
                            <attribute attributeName="MatrixHeaderLineNo" attributeValue="0" />
                            <attribute attributeName="ConnectorSourceFieldName" attributeValue="UserDefined6" />
                        </attributes>
                    </dimension>
                    <dimension position="2140" stageDimName="U7" dataType="Text">
                        <attributes>
                            <attribute attributeName="DelimitedPosition" attributeValue="0" />
                            <attribute attributeName="StartPosition" attributeValue="0" />
                            <attribute attributeName="Length" attributeValue="0" />
                            <attribute attributeName="LogicalOperator" attributeValue="None" />
                            <attribute attributeName="LogicalExpression" attributeValue="(Unassigned)" />
                            <attribute attributeName="NumericThousandsSeparator" attributeValue="," />
                            <attribute attributeName="NumericDecimalSeparator" attributeValue="." />
                            <attribute attributeName="NumericCurrencyIndicator" attributeValue="$" />
                            <attribute attributeName="NumericSignPositiveIndicator" attributeValue="" />
                            <attribute attributeName="NumericSignNegativeIndicator" attributeValue="" />
                            <attribute attributeName="NumericSignDebitCreditPosition" attributeValue="0" />
                            <attribute attributeName="NumericFactor" attributeValue="0" />
                            <attribute attributeName="NumericPrecision" attributeValue="NotRounded" />
                            <attribute attributeName="NumericZeroSuppress" attributeValue="true" />
                            <attribute attributeName="NumericMarker" attributeValue="" />
                            <attribute attributeName="TextStaticValue" attributeValue="" />
                            <attribute attributeName="TextLeadFill" attributeValue="" />
                            <attribute attributeName="TextTrailFill" attributeValue="" />
                            <attribute attributeName="StoredTextBypass" attributeValue="" />
                            <attribute attributeName="StoredTextSingleLineNo" attributeValue="0" />
                            <attribute attributeName="SubstituteOldString" attributeValue="" />
                            <attribute attributeName="SubstituteNewString" attributeValue="" />
                            <attribute attributeName="BypassType" attributeValue="ContainsWithinLine" />
                            <attribute attributeName="BypassValue" attributeValue="" />
                            <attribute attributeName="MatrixHeaderLineNo" attributeValue="0" />
                            <attribute attributeName="ConnectorSourceFieldName" attributeValue="UserDefined7" />
                        </attributes>
                    </dimension>
                    <dimension position="2150" stageDimName="U8" dataType="Text">
                        <attributes>
                            <attribute attributeName="DelimitedPosition" attributeValue="0" />
                            <attribute attributeName="StartPosition" attributeValue="0" />
                            <attribute attributeName="Length" attributeValue="0" />
                            <attribute attributeName="LogicalOperator" attributeValue="None" />
                            <attribute attributeName="LogicalExpression" attributeValue="(Unassigned)" />
                            <attribute attributeName="NumericThousandsSeparator" attributeValue="," />
                            <attribute attributeName="NumericDecimalSeparator" attributeValue="." />
                            <attribute attributeName="NumericCurrencyIndicator" attributeValue="$" />
                            <attribute attributeName="NumericSignPositiveIndicator" attributeValue="" />
                            <attribute attributeName="NumericSignNegativeIndicator" attributeValue="" />
                            <attribute attributeName="NumericSignDebitCreditPosition" attributeValue="0" />
                            <attribute attributeName="NumericFactor" attributeValue="0" />
                            <attribute attributeName="NumericPrecision" attributeValue="NotRounded" />
                            <attribute attributeName="NumericZeroSuppress" attributeValue="true" />
                            <attribute attributeName="NumericMarker" attributeValue="" />
                            <attribute attributeName="TextStaticValue" attributeValue="" />
                            <attribute attributeName="TextLeadFill" attributeValue="" />
                            <attribute attributeName="TextTrailFill" attributeValue="" />
                            <attribute attributeName="StoredTextBypass" attributeValue="" />
                            <attribute attributeName="StoredTextSingleLineNo" attributeValue="0" />
                            <attribute attributeName="SubstituteOldString" attributeValue="" />
                            <attribute attributeName="SubstituteNewString" attributeValue="" />
                            <attribute attributeName="BypassType" attributeValue="ContainsWithinLine" />
                            <attribute attributeName="BypassValue" attributeValue="" />
                            <attribute attributeName="MatrixHeaderLineNo" attributeValue="0" />
                            <attribute attributeName="ConnectorSourceFieldName" attributeValue="UserDefined8" />
                        </attributes>
                    </dimension>
                    <dimension position="4010" stageDimName="Lb" dataType="Label">
                        <attributes>
                            <attribute attributeName="DelimitedPosition" attributeValue="0" />
                            <attribute attributeName="StartPosition" attributeValue="0" />
                            <attribute attributeName="Length" attributeValue="0" />
                            <attribute attributeName="LogicalOperator" attributeValue="None" />
                            <attribute attributeName="LogicalExpression" attributeValue="(Unassigned)" />
                            <attribute attributeName="NumericThousandsSeparator" attributeValue="," />
                            <attribute attributeName="NumericDecimalSeparator" attributeValue="." />
                            <attribute attributeName="NumericCurrencyIndicator" attributeValue="$" />
                            <attribute attributeName="NumericSignPositiveIndicator" attributeValue="" />
                            <attribute attributeName="NumericSignNegativeIndicator" attributeValue="" />
                            <attribute attributeName="NumericSignDebitCreditPosition" attributeValue="0" />
                            <attribute attributeName="NumericFactor" attributeValue="0" />
                            <attribute attributeName="NumericPrecision" attributeValue="NotRounded" />
                            <attribute attributeName="NumericZeroSuppress" attributeValue="true" />
                            <attribute attributeName="NumericMarker" attributeValue="" />
                            <attribute attributeName="TextStaticValue" attributeValue="" />
                            <attribute attributeName="TextLeadFill" attributeValue="" />
                            <attribute attributeName="TextTrailFill" attributeValue="" />
                            <attribute attributeName="StoredTextBypass" attributeValue="" />
                            <attribute attributeName="StoredTextSingleLineNo" attributeValue="0" />
                            <attribute attributeName="SubstituteOldString" attributeValue="" />
                            <attribute attributeName="SubstituteNewString" attributeValue="" />
                            <attribute attributeName="BypassType" attributeValue="ContainsWithinLine" />
                            <attribute attributeName="BypassValue" attributeValue="" />
                            <attribute attributeName="MatrixHeaderLineNo" attributeValue="0" />
                            <attribute attributeName="ConnectorSourceFieldName" attributeValue="Scenario" />
                        </attributes>
                    </dimension>
                    <dimension position="4020" stageDimName="Si" dataType="Label">
                        <attributes>
                            <attribute attributeName="DelimitedPosition" attributeValue="0" />
                            <attribute attributeName="StartPosition" attributeValue="0" />
                            <attribute attributeName="Length" attributeValue="0" />
                            <attribute attributeName="LogicalOperator" attributeValue="None" />
                            <attribute attributeName="LogicalExpression" attributeValue="(Unassigned)" />
                            <attribute attributeName="NumericThousandsSeparator" attributeValue="," />
                            <attribute attributeName="NumericDecimalSeparator" attributeValue="." />
                            <attribute attributeName="NumericCurrencyIndicator" attributeValue="$" />
                            <attribute attributeName="NumericSignPositiveIndicator" attributeValue="" />
                            <attribute attributeName="NumericSignNegativeIndicator" attributeValue="" />
                            <attribute attributeName="NumericSignDebitCreditPosition" attributeValue="0" />
                            <attribute attributeName="NumericFactor" attributeValue="0" />
                            <attribute attributeName="NumericPrecision" attributeValue="NotRounded" />
                            <attribute attributeName="NumericZeroSuppress" attributeValue="true" />
                            <attribute attributeName="NumericMarker" attributeValue="" />
                            <attribute attributeName="TextStaticValue" attributeValue="LRP Data Management Job" />
                            <attribute attributeName="TextLeadFill" attributeValue="" />
                            <attribute attributeName="TextTrailFill" attributeValue="" />
                            <attribute attributeName="StoredTextBypass" attributeValue="" />
                            <attribute attributeName="StoredTextSingleLineNo" attributeValue="0" />
                            <attribute attributeName="SubstituteOldString" attributeValue="" />
                            <attribute attributeName="SubstituteNewString" attributeValue="" />
                            <attribute attributeName="BypassType" attributeValue="ContainsWithinLine" />
                            <attribute attributeName="BypassValue" attributeValue="" />
                            <attribute attributeName="MatrixHeaderLineNo" attributeValue="0" />
                            <attribute attributeName="ConnectorSourceFieldName" attributeValue="Cube" />
                        </attributes>
                    </dimension>
                    <dimension position="8010" stageDimName="Am" dataType="Numeric">
                        <attributes>
                            <attribute attributeName="DelimitedPosition" attributeValue="0" />
                            <attribute attributeName="StartPosition" attributeValue="0" />
                            <attribute attributeName="Length" attributeValue="0" />
                            <attribute attributeName="LogicalOperator" attributeValue="None" />
                            <attribute attributeName="LogicalExpression" attributeValue="(Unassigned)" />
                            <attribute attributeName="NumericThousandsSeparator" attributeValue="," />
                            <attribute attributeName="NumericDecimalSeparator" attributeValue="." />
                            <attribute attributeName="NumericCurrencyIndicator" attributeValue="$" />
                            <attribute attributeName="NumericSignPositiveIndicator" attributeValue="" />
                            <attribute attributeName="NumericSignNegativeIndicator" attributeValue="" />
                            <attribute attributeName="NumericSignDebitCreditPosition" attributeValue="0" />
                            <attribute attributeName="NumericFactor" attributeValue="0" />
                            <attribute attributeName="NumericPrecision" attributeValue="NotRounded" />
                            <attribute attributeName="NumericZeroSuppress" attributeValue="true" />
                            <attribute attributeName="NumericMarker" attributeValue="" />
                            <attribute attributeName="TextStaticValue" attributeValue="" />
                            <attribute attributeName="TextLeadFill" attributeValue="" />
                            <attribute attributeName="TextTrailFill" attributeValue="" />
                            <attribute attributeName="StoredTextBypass" attributeValue="" />
                            <attribute attributeName="StoredTextSingleLineNo" attributeValue="0" />
                            <attribute attributeName="SubstituteOldString" attributeValue="" />
                            <attribute attributeName="SubstituteNewString" attributeValue="" />
                            <attribute attributeName="BypassType" attributeValue="ContainsWithinLine" />
                            <attribute attributeName="BypassValue" attributeValue="" />
                            <attribute attributeName="MatrixHeaderLineNo" attributeValue="0" />
                            <attribute attributeName="ConnectorSourceFieldName" attributeValue="Amount" />
                        </attributes>
                    </dimension>
                </dimensions>
            </dataSource>
        </dataSources>
    </dataSourcesRoot>
</OneStreamXF>