﻿<?xml version="1.0" encoding="utf-8"?>
<OneStreamXF version="6.8.1.13230">
    <dataManagementRoot>
        <dataManagementGroups>
            <dataManagementGroup name="INTL_to_ES_LRP_App2App_Automation_INTL" description="" accessGroup="Everyone" maintenanceGroup="Everyone">
                <dataManagementSteps>
                    <dataManagementStep name="INTL_to_ES_LRP_App2App_Automation" description="" stepType="ExecuteBusinessRule">
                        <stepDefinition>
                            <DataMgmtExecuteBRDefinition>
                                <UseDetailedLogging>false</UseDetailedLogging>
                                <BusinessRuleName>INTL_to_ES_App2App_Automation</BusinessRuleName>
                                <Parameters>wfTop = [INTL Segment Planner], T3Tag = Auto_Load_LRP, globScen = |WFScenario|, globTime = |WFYear|</Parameters>
                            </DataMgmtExecuteBRDefinition>
                        </stepDefinition>
                    </dataManagementStep>
                    <dataManagementStep name="INTL_to_ES_LRP_App2App_Automation_Forecast" description="" stepType="ExecuteBusinessRule">
                        <stepDefinition>
                            <DataMgmtExecuteBRDefinition>
                                <UseDetailedLogging>false</UseDetailedLogging>
                                <BusinessRuleName>INTL_to_ES_App2App_Automation</BusinessRuleName>
                                <Parameters>wfTop = [INTL Segment Planner], T3Tag = Auto_Load_LRP, globScen = Forecast, globTime = |WFYear|</Parameters>
                            </DataMgmtExecuteBRDefinition>
                        </stepDefinition>
                    </dataManagementStep>
                </dataManagementSteps>
                <dataManagementSequences>
                    <dataManagementSequence name="INTL_to_ES_LRP_App2App_Automation" description="">
                        <sequenceDefinition>
                            <DataMgmtSequenceDefinition>
                                <AppServer />
                                <Parameters>
                                    <Parameter SubstVarName="">
                                        <DefaultValue />
                                    </Parameter>
                                    <Parameter SubstVarName="">
                                        <DefaultValue />
                                    </Parameter>
                                    <Parameter SubstVarName="">
                                        <DefaultValue />
                                    </Parameter>
                                    <Parameter SubstVarName="">
                                        <DefaultValue />
                                    </Parameter>
                                    <Parameter SubstVarName="">
                                        <DefaultValue />
                                    </Parameter>
                                    <Parameter SubstVarName="">
                                        <DefaultValue />
                                    </Parameter>
                                    <Parameter SubstVarName="">
                                        <DefaultValue />
                                    </Parameter>
                                    <Parameter SubstVarName="">
                                        <DefaultValue />
                                    </Parameter>
                                </Parameters>
                            </DataMgmtSequenceDefinition>
                        </sequenceDefinition>
                        <stepMembers>
                            <stepMember name="INTL_to_ES_LRP_App2App_Automation" />
                        </stepMembers>
                    </dataManagementSequence>
                    <dataManagementSequence name="INTL_to_ES_LRP_App2App_Automation_Forecast" description="">
                        <sequenceDefinition>
                            <DataMgmtSequenceDefinition>
                                <AppServer />
                                <Parameters>
                                    <Parameter SubstVarName="">
                                        <DefaultValue />
                                    </Parameter>
                                    <Parameter SubstVarName="">
                                        <DefaultValue />
                                    </Parameter>
                                    <Parameter SubstVarName="">
                                        <DefaultValue />
                                    </Parameter>
                                    <Parameter SubstVarName="">
                                        <DefaultValue />
                                    </Parameter>
                                    <Parameter SubstVarName="">
                                        <DefaultValue />
                                    </Parameter>
                                    <Parameter SubstVarName="">
                                        <DefaultValue />
                                    </Parameter>
                                    <Parameter SubstVarName="">
                                        <DefaultValue />
                                    </Parameter>
                                    <Parameter SubstVarName="">
                                        <DefaultValue />
                                    </Parameter>
                                </Parameters>
                            </DataMgmtSequenceDefinition>
                        </sequenceDefinition>
                        <stepMembers>
                            <stepMember name="INTL_to_ES_LRP_App2App_Automation_Forecast" />
                        </stepMembers>
                    </dataManagementSequence>
                </dataManagementSequences>
            </dataManagementGroup>
            <dataManagementGroup name="INTL_to_ES_LRP_App2App_ImportToStage" description="" accessGroup="Everyone" maintenanceGroup="Everyone">
                <dataManagementSteps>
                    <dataManagementStep name="LRP_App2App_ImportToStage_DM" description="" stepType="ExportData">
                        <stepDefinition>
                            <DataMgmtExportDataDefinition>
                                <UseDetailedLogging>false</UseDetailedLogging>
                                <FileShareFileName>|DateForFileName|\CubeDataCalc.csv</FileShareFileName>
                                <IncludeCubeInFileName>false</IncludeCubeInFileName>
                                <IncludeEntityInFileName>false</IncludeEntityInFileName>
                                <IncludeParentInFileName>false</IncludeParentInFileName>
                                <IncludeConsInFileName>false</IncludeConsInFileName>
                                <IncludeScenarioInFileName>true</IncludeScenarioInFileName>
                                <IncludeTimeInFileName>false</IncludeTimeInFileName>
                                <OverwriteExistingFiles>true</OverwriteExistingFiles>
                                <IncludeZeros>false</IncludeZeros>
                                <IncludeMemberDescriptions>false</IncludeMemberDescriptions>
                                <IncludeCellAnnotations>false</IncludeCellAnnotations>
                                <IncludeInputData>true</IncludeInputData>
                                <IncludeCalculatedData>true</IncludeCalculatedData>
                                <Cube>INTL_LRP</Cube>
                                <EntityFilter>E#International_Incl_Div.Base</EntityFilter>
                                <ParentFilter />
                                <ConsFilter>C#Local</ConsFilter>
                                <ScenarioFilter>S#WF</ScenarioFilter>
                                <TimeFilter>T#|WFYear|</TimeFilter>
                                <ViewFilter>V#Periodic</ViewFilter>
                                <AccountFilter>A#Balance_Sheet.Base, A#Income_Statement.Base, A#Cash_Flow.Base, A#CAPEX_DRIVERS.Base, A#eComm_Net_GMV, A#ROI_Manual_Deductions.Base, A#PK_Total.Base</AccountFilter>
                                <FlowFilter>F#Input, F#Input_LRP</FlowFilter>
                                <OriginFilter>O#All</OriginFilter>
                                <ICFilter>I#All</ICFilter>
                                <UD1Filter>U1#Total_Merchandise.Base</UD1Filter>
                                <UD2Filter>U2#Total_Format.Base</UD2Filter>
                                <UD3Filter>U3#Total_Channel_Fulfillment.Base</UD3Filter>
                                <UD4Filter>U4#Ext_Reported.Base</UD4Filter>
                                <UD5Filter>U5#Status.Base</UD5Filter>
                                <UD6Filter>U6#Initiative_Total.Base</UD6Filter>
                                <UD7Filter>U7#Total_Banners.Base</UD7Filter>
                                <UD8Filter>U8#None</UD8Filter>
                                <DataFilters>
                                    <DataFilter />
                                </DataFilters>
                            </DataMgmtExportDataDefinition>
                        </stepDefinition>
                    </dataManagementStep>
                    <dataManagementStep name="LRP_App2App_ImportToStage_DM_USD" description="" stepType="ExportData">
                        <stepDefinition>
                            <DataMgmtExportDataDefinition>
                                <UseDetailedLogging>false</UseDetailedLogging>
                                <FileShareFileName>|DateForFileName|\CubeDataCalc.csv</FileShareFileName>
                                <IncludeCubeInFileName>false</IncludeCubeInFileName>
                                <IncludeEntityInFileName>false</IncludeEntityInFileName>
                                <IncludeParentInFileName>false</IncludeParentInFileName>
                                <IncludeConsInFileName>false</IncludeConsInFileName>
                                <IncludeScenarioInFileName>true</IncludeScenarioInFileName>
                                <IncludeTimeInFileName>false</IncludeTimeInFileName>
                                <OverwriteExistingFiles>true</OverwriteExistingFiles>
                                <IncludeZeros>false</IncludeZeros>
                                <IncludeMemberDescriptions>false</IncludeMemberDescriptions>
                                <IncludeCellAnnotations>false</IncludeCellAnnotations>
                                <IncludeInputData>true</IncludeInputData>
                                <IncludeCalculatedData>true</IncludeCalculatedData>
                                <Cube>INTL_LRP</Cube>
                                <EntityFilter>E#International_Incl_Div.Base</EntityFilter>
                                <ParentFilter />
                                <ConsFilter>C#Local</ConsFilter>
                                <ScenarioFilter>S#WF</ScenarioFilter>
                                <TimeFilter>T#|WFYear|.Base</TimeFilter>
                                <ViewFilter>V#Periodic</ViewFilter>
                                <AccountFilter>A#Balance_Sheet.Base, A#Income_Statement.Base, A#Cash_Flow.Base, A#CAPEX_DRIVERS.Base, A#eComm_Net_GMV, A#ROI_Manual_Deductions.Base, A#PK_Total.Base</AccountFilter>
                                <FlowFilter>F#Input, F#Input_USD_Adj, F#Input_PEG_Local, F#Input_PEG_Adj, F#Input_LRP</FlowFilter>
                                <OriginFilter>O#All</OriginFilter>
                                <ICFilter>I#All</ICFilter>
                                <UD1Filter>U1#Total_Merchandise.Base</UD1Filter>
                                <UD2Filter>U2#Total_Format.Base</UD2Filter>
                                <UD3Filter>U3#Total_Channel_Fulfillment.Base</UD3Filter>
                                <UD4Filter>U4#Ext_Reported.Base</UD4Filter>
                                <UD5Filter>U5#Status.Base</UD5Filter>
                                <UD6Filter>U6#Initiative_Total.Base</UD6Filter>
                                <UD7Filter>U7#Total_Banners.Base</UD7Filter>
                                <UD8Filter>U8#None</UD8Filter>
                                <DataFilters>
                                    <DataFilter />
                                </DataFilters>
                            </DataMgmtExportDataDefinition>
                        </stepDefinition>
                    </dataManagementStep>
                </dataManagementSteps>
                <dataManagementSequences>
                    <dataManagementSequence name="LRP_App2App_ImportToStage_DM" description="">
                        <sequenceDefinition>
                            <DataMgmtSequenceDefinition>
                                <AppServer />
                                <Parameters>
                                    <Parameter SubstVarName="">
                                        <DefaultValue />
                                    </Parameter>
                                    <Parameter SubstVarName="">
                                        <DefaultValue />
                                    </Parameter>
                                    <Parameter SubstVarName="">
                                        <DefaultValue />
                                    </Parameter>
                                    <Parameter SubstVarName="">
                                        <DefaultValue />
                                    </Parameter>
                                    <Parameter SubstVarName="">
                                        <DefaultValue />
                                    </Parameter>
                                    <Parameter SubstVarName="">
                                        <DefaultValue />
                                    </Parameter>
                                    <Parameter SubstVarName="">
                                        <DefaultValue />
                                    </Parameter>
                                    <Parameter SubstVarName="">
                                        <DefaultValue />
                                    </Parameter>
                                </Parameters>
                            </DataMgmtSequenceDefinition>
                        </sequenceDefinition>
                        <stepMembers>
                            <stepMember name="LRP_App2App_ImportToStage_DM_USD" />
                        </stepMembers>
                    </dataManagementSequence>
                    <dataManagementSequence name="LRP_App2App_ImportToStage_LRP_Scenarios" description="">
                        <sequenceDefinition>
                            <DataMgmtSequenceDefinition>
                                <AppServer />
                                <Parameters>
                                    <Parameter SubstVarName="">
                                        <DefaultValue />
                                    </Parameter>
                                    <Parameter SubstVarName="">
                                        <DefaultValue />
                                    </Parameter>
                                    <Parameter SubstVarName="">
                                        <DefaultValue />
                                    </Parameter>
                                    <Parameter SubstVarName="">
                                        <DefaultValue />
                                    </Parameter>
                                    <Parameter SubstVarName="">
                                        <DefaultValue />
                                    </Parameter>
                                    <Parameter SubstVarName="">
                                        <DefaultValue />
                                    </Parameter>
                                    <Parameter SubstVarName="">
                                        <DefaultValue />
                                    </Parameter>
                                    <Parameter SubstVarName="">
                                        <DefaultValue />
                                    </Parameter>
                                </Parameters>
                            </DataMgmtSequenceDefinition>
                        </sequenceDefinition>
                        <stepMembers>
                            <stepMember name="LRP_App2App_ImportToStage_DM" />
                        </stepMembers>
                    </dataManagementSequence>
                </dataManagementSequences>
            </dataManagementGroup>
        </dataManagementGroups>
    </dataManagementRoot>
</OneStreamXF>